"会う","あう","to meet, to encounter, to see; to have an accident, to have a bad experience"
"青","あお","blue, azure; green; green light (traffic); black (horse coat color); blue 5-point card; immature, unripe, young"
"青い","あおい","blue, azure; green; pale (facial color), gray, grey; unripe, inexperienced"
"赤","あか","red, crimson, scarlet; red-containing colour (e.g. brown, pink, orange); Red (i.e. communist); red light (traffic); red ink (i.e. in finance or proof-reading), (in) the red; complete, total, perfect, obvious; copper; red 5-point card"
"赤い","あかい","red, crimson, scarlet, vermilion; Red, communist"
"明るい","あかるい","light, bright, well-lit, well-lighted; bright (colour); cheerful, bright, spirited, sunny (e.g. disposition); bright (future, prospects, etc.), rosy, encouraging, promising; knowledgeable (about), familiar (with), well versed (in), well acquainted (with); fair (e.g. politics), clean, impartial"
"秋","あき","autumn, fall"
"開く","あく","to open (e.g. doors); to open (e.g. business, etc.); to be empty; to be vacant, to be available, to be free; to be open (e.g. neckline, etc.); to have been opened (of one's eyes, mouth, etc.); to come to an end; to open (one's eyes, mouth, etc.); to have a hole, to form a gap, to have an interval (between events)"
"開ける","あける","to open (a door, etc.), to unwrap (e.g. parcel, package), to unlock; to open (for business, etc.); to empty, to remove, to make space, to make room; to move out, to clear out; to be away from (e.g. one's house), to leave (temporarily); to dawn, to grow light; to end (of a period, season); to begin (of the New Year); to leave (one's schedule) open, to make time (for); to make (a hole), to open up (a hole)"
"上げる","あげる, アゲる","to raise, to elevate; to move something (to a higher place), to put onto (e.g. a shelf); to increase (price, quality, status, etc.), to raise (a wage); to show someone (into a room), to let in (e.g. a guest); to give; to enrol (one's child in school), to enroll, to send (one's child; e.g. to college); to develop (talent, skill, etc.), to improve; to earn (something desirable), to achieve (e.g. a good result), to obtain; to promote (someone); to complete, to finish; to make (a loud sound), to raise (one's voice); to raise (one's gaze), to lift up (one's face), to look up; to do up (one's hair); to offer up (incense, a prayer, etc.) to the gods (or Buddha, etc.); to praise, to commend, to flatter; to make do (with less expenses than expected), to cover expenses (with a given amount), to set costs; to finish (one's studies), to complete (a lesson), to pass (e.g. a class); to upload (e.g. an image), to publish (on the internet), to post; to raise someone's spirits, to cheer someone up, to enhance a mood; (of the tide) to come in, to rise; to increase (of market price), to rise (of stock prices); to vomit, to throw up; to do for (the sake of someone else); to complete ...; to humbly do ..."
"朝","あさ","morning; breakfast"
"朝ご飯","あさごはん","breakfast"
"明後日","あさって, みょうごにち","day after tomorrow; wrong (e.g. direction)"
"足","あし","foot, paw, arm (of an octopus, squid, etc.); leg; gait; pace; lower radical of a kanji; means of transportation, (one's) ride; money, coin"
"明日","あした, あす, みょうにち","tomorrow; near future"
"彼処","あそこ, あすこ, かしこ, アソコ, あしこ, あこ","there, over there, that place, yonder, you-know-where; genitals, private parts, nether regions; that far, that much, that point"
"遊ぶ","あそぶ, あすぶ","to play (games, sports), to enjoy oneself, to have a good time; to mess about (with alcohol, gambling, philandery, etc.); to be idle, to do nothing, to be unused; to meet up (with friends), to hang out; to give oneself up (to gambling, drinking, etc.); to go to (for pleasure or for study); to tease (someone), to play (with); to intentionally throw a ball to lower the batter's concentration"
"暖かい","あたたかい, あったかい, あったけー","warm, mild, (pleasantly) hot; considerate, kind, genial; warm (of a colour), mellow; having enough money"
"頭","あたま, かしら","head; hair (on one's head); mind, brains, intellect; leader, chief, boss, captain; top, tip; beginning, start; head, person; down payment, deposit; top structural component of a kanji; pair"
"新しい","あたらしい","new, novel, fresh, recent, latest, up-to-date, modern"
"彼方","あちら, あっち, あち","that way, that direction, over there, yonder; that (one); that person; there, over there, foreign country (esp. a Western nation)"
"厚い","あつい","thick, deep, heavy; kind, cordial, hospitable, warm, faithful; serious (of an illness); abundant"
"熱い","あつい, あっつい","hot (to the touch); passionate (feelings, etc.), ardent, hot (e.g. gaze); hot (e.g. temper); zealous, enthusiastic, fired up; intense, severe, extreme; hot (topic), of interest"
"暑い","あつい, あづい, あぢぃ, あぢー, あぢい, あっつい","hot, warm, sultry, heated; passionate, impassioned, burning (desire, etc.); on everybody's mind, on the radar, du jour, interested (gaze, etc.)"
"後","あと","behind, rear; after, later; remainder, the rest; more (e.g. five more minutes), left; also, in addition; descendant, successor, heir; after one's death; past, previous"
"貴方","あなた","you; dear, honey"
"兄","あに","older brother, elder brother; brother-in-law (spouse's older brother or older sister's husband)"
"姉","あね","older sister, elder sister"
"","あの, あのー, あのう","say, well, um, er"
"彼の","あの, あん","that, those, the"
"","アパート","apartment building, apartment block, apartment house; apartment"
"浴びる","あびる","to dash over oneself (e.g. water), to take (e.g. shower), to bask in (e.g. the sun), to bathe in, to be flooded with (e.g. light), to be covered in; to suffer (e.g. an attack), to draw (e.g. criticism, attention, praise), to have heaped upon, to be showered with"
"危ない","あぶない, アブナい, あぶねー, あっぶねー","dangerous, risky, hazardous, perilous, precarious; in danger, in jeopardy, critical, grave, at risk; uncertain, unreliable, insecure, unsteady, doubtful; close (call), narrow (escape); look out!, watch out!, be careful!"
"甘い","あまい","sweet-tasting, sweet, sugary, sugared; fragrant (smelling), sweet (music); lightly salted, light in salt, not spicy; naive, overly optimistic, soft on, generous, indulgent, easy-going, lenient; half-hearted, not finished properly; insufficient, not satisfactory, inadequate, loose; mild; tempting, enticing, luring"
"余り","あまり, あんまり","remainder, remnant, rest, balance, surplus, remains (of a meal), leftovers; (not) very, (not) much; too much, excessively, overly; extreme, great, severe, tremendous, terrible; not very good, so-so, mediocre; more than, over"
"飴","あめ","(hard) candy, toffee; rice-sugar, sugar made from the starch of rice, potatoes, etc.; amber, yellowish-brown"
"雨","あめ","rain; rainy day, rainy weather; the November suit (in hanafuda)"
"洗う","あらう","to wash, to cleanse, to rinse; to inquire into, to investigate; to purify (one's heart); to lave (e.g. shore), to wash over (e.g. deck), to sweep"
"有る","ある","to be, to exist, to live; to have; to be located; to be equipped with; to happen, to come about; to exist (in a completed state), to be (something unchanged in its current state)"
"歩く","あるく","to walk"
"彼","あれ, アレ","that, that thing; that person; then, that time; that place (over there); down there (i.e. one's genitals); period, menses"
"","いい","good, excellent, fine, nice, pleasant, agreeable; sufficient, enough, ready, prepared; profitable (deal, business offer, etc.), beneficial; OK, all right, fine, no problem"
"","いいえ, いえ","no; you're welcome, not at all, don't mention it"
"言う","いう, ゆう","to say, to utter, to declare; to name, to call; to go (e.g. ""the alarm went ping""), to make a noise"
"家","いえ","house, residence, dwelling, home; family, household; lineage, family name"
"如何","いかが","how, in what way, how about; questionable"
"行く","いく, ゆく, イク","to go, to move (towards), to head (towards), to leave (for); to move through, to travel across, to walk along (e.g. a road); to go (well, badly, etc.), to proceed, to turn out, to get along; to do (in a particular way), to go (with; a choice), to try; to pass (of time, seasons, etc.), to go by; to stream, to flow; to die, to pass away; to reach (a stage, extent, age, etc.), to get to, to go (so far as ...); to reach (of information, instructions, wind, etc.), to arrive; to continue ..., to go on ..., to (progress) steadily, to gradually ..., to progressively ...; to have an orgasm, to come, to cum; to trip, to get high, to have a drug-induced hallucination"
"幾つ","いくつ","how many; how old"
"幾ら","いくら","how much; something over, and something, -odd; however (much), no matter how"
"池","いけ","pond"
"医者","いしゃ","doctor, physician"
"椅子","いす, イス","chair, seat, stool, bench; post, position, seat, office"
"忙しい","いそがしい","busy, occupied, hectic; restless, hurried, fidgety"
"痛い","いたい, イタイ, イタい","painful, sore; cringy, embarrassing"
"一","いち","one, 1; best; first, foremost; beginning, start; a (single), one (of many); ace; bottom string (on a shamisen, etc.)"
"一日","いちにち, いちじつ","one day; all day (long), the whole day, from morning till night; first day of the month"
"一番","いちばん","number one, first, first place; best, most; game, round, bout; as a test, as an experiment, by way of experiment, by way of trial, tentatively; song (e.g. in noh), piece"
"一緒","いっしょ","(doing) together; one lump, one mixture, the same category; the same, identical; (at) the same time"
"何時","いつ","when, at what time, how soon; normal times, ordinary days"
"５日","いつか, ごにち","5th day of the month; five days"
"五つ","いつつ","five; five years of age; eight o'clock (old time system)"
"何時も","いつも","always, all the time, at all times; never; usual, regular, habitual, customary"
"犬","いぬ, イヌ","dog (Canis (lupus) familiaris); squealer, rat, snitch, informer, informant, spy; loser, asshole; counterfeit, inferior, useless, wasteful"
"今","いま","now, the present time, just now, soon, immediately; another, more"
"意味","いみ","meaning, significance, sense"
"妹","いもうと","younger sister"
"嫌","いや, や, イヤ","disliking, not wanting, unwilling (to do), reluctant; unpleasant, disagreeable, nasty, horrible, disgusting, undesirable, unwelcome; no!, quit it!, stop!"
"入り口","いりぐち, いりくち, はいりぐち, はいりくち","entrance, entry, gate, approach, mouth"
"居る","いる","to be (of animate objects), to exist; to stay; to be ...-ing, to have been ...-ing"
"要る","いる","to be needed, to be necessary, to be required, to be wanted, to need, to want"
"入れる","いれる","to put in, to let in, to take in, to bring in, to insert, to install (e.g. software), to set (a jewel, etc.), to ink in (e.g. tattoo); to admit, to accept, to employ, to hire; to accept, to comply, to grant, to adopt (a policy, etc.), to take (advice, etc.), to listen to, to pay attention to; to include; to pay (one's rent, etc.); to cast (a vote); to make (tea, coffee, etc.); to turn on (a switch, etc.); to send (a fax), to call"
"色","いろ","colour, color, hue, tint, tinge, shade; complexion, skin colour, skin color; look (on one's face), expression; appearance, air, feeling; personality, character; tone (of one's voice, etc.), tune, sound, ring; love, lust, sensuality, love affair; lover, paramour; beauty, sexiness, physical appeal; kind, type, variety"
"色々","いろいろ","various, a variety of, all sorts of, many (different); variously, in various ways, in many ways; various things, this and that"
"上","うえ","above, over, up; top, summit, upper part, head (e.g. of a staircase); surface, on (top of); the above (in a piece of writing), earlier part; superior, better, higher (position, rank, etc.), upper (class); elder, older, senior; with respect to ..., in terms of, as far as ... is concerned, when (e.g. drunk); besides ..., in addition to ..., on top of ..., as well as ...; after ..., upon ..., on ..., with (e.g. full awareness), as a result of ...; since ..., now that ..., because ...; honorable, venerable, dear; emperor, sovereign, shogun, daimyo"
"後ろ","うしろ","back, behind, rear"
"薄い","うすい","thin (of an object); pale, light, faint; watery, thin, diluted; weak (taste, etc.), little (affection, etc.), not much (of a presence); slim (probability, etc.), small; sparse, patchy, scattered"
"歌","うた","song, singing; classical Japanese poem (esp. tanka); modern poetry"
"歌う","うたう","to sing; to sing of (love, beauty, etc.) in a poem, to express in the form of a poem, to recite (a poem)"
"生まれる","うまれる","to be born"
"海","うみ, み, わた, わだ","sea, ocean, waters"
"売る","うる","to sell; to betray, to sell out (one's friend, country, etc.); to make (oneself) known, to establish (a reputation) for oneself; to pick (a fight, quarrel, etc.), to provoke, to force on someone"
"煩い","うるさい, ウルサイ","noisy, loud; annoying, troublesome, tiresome, persistent, importunate; fussy, finicky, picky, particular, nagging, fastidious, bossy; shut up, be quiet"
"上着","うわぎ, じょうい","coat, jacket, outerwear; top, upper-body garment"
"絵","え, が","picture, drawing, painting, sketch; image (TV, film, etc.), picture, footage"
"映画","えいが","movie, film, motion picture"
"映画館","えいがかん","movie theatre, movie theater, cinema"
"英語","えいご","English (language)"
"","ええ, えー, えーー, えーっ","yes, that is correct, right; um, errr, well; huh?; grrr, gah, must I?; good"
"駅","えき","railway station, train station; staging post on a highway (in pre-modern Japan); counter for railway stations and bus stations"
"","エレベーター, エレベータ","elevator, lift; elevator"
"鉛筆","えんぴつ, エンピツ","pencil"
"美味しい","おいしい, オイシイ","good(-tasting), nice, delicious, tasty; attractive (offer, opportunity, etc.), appealing, convenient, favorable, desirable, profitable"
"多い","おおい","many, numerous, a lot; large amount of, large quantity of, a lot, much; frequent, common"
"大きい","おおきい","big, large, great; loud; extensive, spacious; important, decisive, valuable; older, grown up"
"大きな","おおきな","big, large, great"
"大勢","おおぜい, たいぜい","crowd of people, great number of people; in great numbers"
"お母さん","おかあさん","mother, mom, mum, ma; wife; you (of an elderly person older than the speaker), she, her"
"お菓子","おかし","confections, sweets, candy, cake"
"お金","おかね","money"
"起きる","おきる","to get up, to rise, to blaze up (fire); to wake up, to be awake, to stay awake; to occur (usu. of unfavourable incidents), to happen, to take place"
"置く","おく","to put, to place; to leave (behind); to establish (an organization, a facility, a position, etc.), to set up; to appoint (someone to a certain position), to hire, to employ; to place (one's trust, one's faith, etc.), to bear (in mind, etc.); to put down a tool (e.g. a pen) hence stopping what one is doing with that tool; to take in (boarders, etc.), to provide lodging in one's house; to separate spatially or temporally; to do something in advance; to leave something in a certain state, to keep something in a certain state"
"奥さん","おくさん","wife, your wife, his wife, married lady, madam"
"お酒","おさけ","alcohol, sake"
"お皿","おさら","plate, dish"
"教える","おしえる","to teach, to instruct; to tell, to inform, to show; to preach"
"叔父","おじ, はくふ, しゅくふ","uncle"
"押す","おす","to push, to thrust, to shove; to press (down), to push (e.g. a button), to exert pressure on; to stamp (e.g. one's name), to affix (a seal); to affix (e.g. gold leaf); to push (someone for something), to press, to put pressure on (someone); to overwhelm, to overpower, to put (someone) under pressure, to be superior to; to push ahead (with a policy, plan, etc.), to proceed, to stick to; to do ... in spite of ..., to defy, to brave, to push aside; to make sure; to fall behind schedule"
"遅い","おそい, おっそい, おそーい, おっそーい, おせー, おっせー","slow; late; too late"
"お茶","おちゃ","tea (esp. green or barley); tea break (at work); tea ceremony"
"お手洗い","おてあらい","toilet, restroom, lavatory, bathroom"
"お父さん","おとうさん, おとっさん","father, dad, papa, pa, pop, daddy, dada; husband; you (of an elderly person older than the speaker), he, him"
"弟","おとうと, てい","younger brother, little brother, kid brother; brother-in-law (spouse's younger brother or younger sister's husband); pupil, apprentice"
"男","おとこ, おっこ","man, male; fellow, guy, chap, bloke; male lover, boyfriend, man; manliness, manly honor, manly honour, manly reputation"
"男の子","おとこのこ","boy, son, baby boy; young man"
"一昨日","おととい, おとつい, いっさくじつ","day before yesterday"
"一昨年","おととし, いっさくねん","year before last"
"大人","おとな","adult, grown-up"
"お腹","おなか","belly, abdomen, stomach"
"同じ","おなじ, おんなじ","same, identical, equal, alike, equivalent; anyway, in any case, if one must ..., if one has to ..., as long as ..."
"お兄さん","おにいさん","older brother, elder brother; young man, buddy, fella, laddie"
"お姉さん","おねえさん","older sister, elder sister; young lady; miss; ma'am; older girl"
"お祖母さん","おばあさん, おばーさん","grandmother; old woman, female senior citizen"
"伯母さん","おばさん","aunt"
"お風呂","おふろ","bath"
"お弁当","おべんとう","bento, Japanese box lunch"
"覚える","おぼえる","to memorize, to memorise, to commit to memory, to learn by heart, to bear in mind, to remember; to learn, to pick up, to acquire; to feel; to think, to regard"
"お巡りさん","おまわりさん","police officer"
"重い","おもい","heavy, weighty; heavy (feeling), depressed, gloomy, blue, uneasy; slow, sluggish, lumbering, ponderous, clumsy; important (position, responsibility, etc.), serious, grave; serious (punishment, illness, etc.), severe, critical; solid, established, dignified, sensible"
"面白い","おもしろい","interesting, fascinating, intriguing, enthralling; amusing, funny, comical; enjoyable, fun, entertaining, pleasant, agreeable; good, satisfactory, favourable, desirable, encouraging"
"泳ぐ","およぐ","to swim; to struggle through (a crowd); to make one's way through the world, to get along (in life); to totter, to lose one's balance"
"降りる","おりる","to descend (e.g. a mountain), to go down, to come down; to alight (e.g. from bus), to get off, to disembark, to dismount; to step down, to retire, to give up, to quit, to fold; to be granted, to be issued, to be given; to form (of frost, dew, mist, etc.); to be passed (from the body; e.g. of a roundworm)"
"終わる","おわる","to end, to come to an end, to finish, to close, to be over; to finish, to complete, to conclude; to finish doing; to be past its (one's) prime; to be awful, to be terrible, to suck, to be hopeless"
"音楽","おんがく","music"
"女","おんな","woman, female; female lover, girlfriend, mistress, (someone's) woman"
"女の子","おんなのこ","girl, daughter, baby girl; young woman"
"会社","かいしゃ","company, corporation, firm; one's workplace"
"階段","かいだん","stairs, stairway, staircase"
"買い物","かいもの, かいもん","shopping, purchased goods"
"買う","かう","to buy, to purchase; to value (highly), to think highly of, to have a high opinion of, to appreciate, to recognize; to incur (someone's anger, displeasure, etc.), to elicit (e.g. sneers), to invite (e.g. scorn), to evoke, to arouse, to win (someone's favour); to accept, to take on, to take up; to pay for (a prostitute, geisha, etc.)"
"返す","かえす","to return (something), to restore, to put back; to turn over, to turn upside down, to overturn; to pay back, to retaliate, to reciprocate; to respond (with), to retort, to reply, to say back; to do ... back (e.g. speak back, throw back); to do again, to do repeatedly"
"帰る","かえる","to return, to come home, to go home, to go back; to leave (of a guest, customer, etc.); to get home, to get to home plate"
"掛かる","かかる","to take (a resource, e.g. time or money); to hang; to come into view, to arrive; to come under (a contract, a tax); to start (engines, motors); to attend, to deal with, to handle; to have started to, to be on the verge of; to overlap (e.g. information in a manual), to cover; to (come) at; to be fastened; to be covered (e.g. with dust, a table-cloth, etc.); to be caught in; to get a call; to depend on; to begin (a task), to set about (doing), to get down to"
"鍵","かぎ, カギ","key; lock; key (to a problem, success, etc.), clue"
"書く","かく","to write, to compose, to pen; to draw, to paint"
"掛ける","かける","to hang up (e.g. a coat, a picture on the wall), to let hang, to suspend (from), to hoist (e.g. sail), to raise (e.g. flag); to put on (e.g. a blanket), to put on top of, to cover, to lay, to spread; to put on (glasses, etc.), to wear (a necklace, etc.); to make (a call); to spend (time, money), to expend, to use; to pour (liquid) onto, to sprinkle (powder or spices) onto, to splash, to throw (e.g. water) onto; to turn on (an engine, radio, etc.), to set (a dial, alarm clock, etc.), to put on (a DVD, song, etc.), to use (a device, implement, etc.); to cause (someone inconvenience, trouble, etc.), to burden (someone), to impose; to multiply (arithmetic operation); to secure (e.g. lock); to take a seat, to sit, to rest (something on something else), to support (something on something else); to bind; to wager, to bet, to risk, to stake, to gamble; to put an effect (spell, anaesthetic, etc.) on; to hold (a play, festival, etc.); to hold an emotion for (pity, hope, etc.); to argue (in court), to deliberate (in a meeting), to present (e.g. idea to a conference, etc.); to increase further; to catch (in a trap, etc.); to set atop; to erect (a makeshift building); to apply (insurance); to pun (on a word), to use (a word) as a pivot word, to play on words; to be partway doing ..., to begin (but not complete) ..., to be about to ...; to address (someone), to direct (something, to someone), to do (something, to someone)"
"傘","かさ","umbrella, parasol; something shaped like an umbrella or a conical hat, shade (of a lamp), mushroom cap, pileus"
"貸す","かす","to lend, to loan; to rent out, to hire out; to hand (over), to give"
"風邪","かぜ, ふうじゃ","(common) cold, influenza, flu, ague, inflammatory respiratory system illness (in general)"
"風","かぜ","wind, breeze, draught, draft; manner, behaviour, behavior; cold, influenza"
"家族","かぞく","family"
"方","かた","direction, way; person, lady, gentleman; method of, manner of, way of; care of ...; person in charge of ...; side (e.g. ""on my mother's side"")"
"","カップ","cup (drinking vessel, measure, brassiere, prize, etc.)"
"家庭","かてい","home, household, family, hearth"
"角","かど","corner, edge; (street) corner, turning; rough edges (of one's character, words, etc.), abrasiveness, harshness, sharpness"
"鞄","かばん, カバン","bag, satchel, briefcase, basket"
"花瓶","かびん, はながめ, かへい","(flower) vase"
"紙","かみ","paper"
"","カメラ, キャメラ","camera"
"火曜日","かようび","Tuesday"
"辛い","からい","spicy, hot; salty; harsh (criticism), severe (punishment), strict; painful, bitter, difficult, tough"
"体","からだ","body; torso, trunk; build, physique, frame, figure; health, constitution"
"借りる","かりる","to borrow; to rent, to hire; to make use of (another's help, wisdom, etc.), to obtain, to receive; to use (for another purpose), to put to a different use"
"軽い","かるい, かろい","light (i.e. not heavy), feeling light (i.e. offering little resistance, moving easily); light (i.e. of foot), effortless, nimble, agile; non-serious, minor, unimportant, trivial; slight, small, gentle, soft, easy, lighthearted (e.g. joke); easy, simple; indiscriminate"
"","カレンダー, カレンダ","calendar; calender (machine for flattening things)"
"咖哩","カレー, カリー","curry (esp. Japanese curry); rice and curry"
"川","かわ, がわ","river, stream; River, the ... river"
"可愛い","かわいい, カワイイ, カワイい, かわいーい, かわーい, かわえー","cute, adorable, charming, lovely, pretty; dear, precious, darling, pet; innocent, childlike, childish, lovable; dainty, little, tiny"
"漢字","かんじ","kanji, Chinese character"
"外国","がいこく, そとぐに","foreign country"
"外国人","がいこくじん","foreigner, foreign citizen, foreign national, alien, non-Japanese"
"学生","がくせい","student (esp. a university student)"
"学校","がっこう","school"
"木","き","tree, shrub, bush; wood, timber; wooden clappers (signalling the beginning or end of a performance)"
"黄色","きいろ, こうしょく, おうしょく","yellow, amber"
"黄色い","きいろい","yellow; high-pitched (voice), shrill"
"消える","きえる","to disappear, to vanish, to go out of sight, to go away, to become lost; to go out (of a fire, light, etc.), to die, to turn off (e.g. of a TV screen); to fade (of a feeling, impression, etc.), to vanish (e.g. of hope); to go away (e.g. of a smell, itchiness, sleepiness), to disappear, to fade away (e.g. of footsteps); to wear away (e.g. of an inscription), to rub out (of writing), to fade (e.g. of ink); to be lost (e.g. of a tradition), to die out, to disappear"
"聞く","きく","to hear; to listen (e.g. to music); to ask, to enquire, to query; to hear about, to hear of, to learn of; to follow (advice, order, etc.), to obey, to listen to, to comply with; to hear (e.g. a plea), to grant (a request), to accept (e.g. an argument), to give consideration to; to smell (esp. incense), to sample (a fragrance); to taste (alcohol), to try"
"北","きた","north; the North, northern territories; North Korea; north wind"
"汚い","きたない","dirty, filthy, foul, unclean; disordered, messy, untidy, poor (e.g. handwriting); indecent (language, etc.), dirty, vulgar, coarse; dastardly, mean, base, underhanded; stingy, greedy"
"喫茶店","きっさてん, きっちゃてん","coffee shop, tearoom, coffee lounge, coffeehouse, cafe"
"切手","きって","stamp (postage); merchandise certificate"
"切符","きっぷ","ticket"
"昨日","きのう, さくじつ","yesterday"
"九","きゅう, く, ここの, この, ここ","nine, 9"
"今日","きょう, こんにち, こんち, こんじつ","today, this day; these days, recently, nowadays"
"教室","きょうしつ","classroom, lecture room; department (in a university); class, lessons, course; school (for a particular discipline), teaching establishment"
"兄弟","きょうだい, けいてい","siblings, brothers and sisters; brothers; siblings-in-law, brothers-in-law, sisters-in-law; mate, friend"
"去年","きょねん, こぞ","last year"
"嫌い","きらい","disliked, hated, disagreeable; tendency, smack (of), touch (of); distinction, discrimination"
"着る","きる","to wear (from the shoulders down), to put on; to take (the blame, responsibility), to bear"
"切る","きる","to cut, to cut through, to perform (surgery); to sever (connections, ties); to turn off (e.g. the light); to terminate (e.g. a conversation), to hang up (the phone), to disconnect; to punch (a ticket), to tear off (a stub); to open (something sealed); to start; to set (a limit), to do (something) in less or within a certain time, to issue (cheques, vouchers, etc.); to reduce, to decrease, to discount; to shake off (water, etc.), to let drip-dry, to let drain; to cross, to traverse; to criticize sharply; to act decisively, to do (something noticeable), to go first, to make (certain facial expressions, in kabuki); to turn (vehicle, steering wheel, etc.); to curl (a ball), to bend, to cut; to shuffle (cards); to discard a tile; to dismiss, to sack, to let go, to expel, to excommunicate; to dig (a groove), to cut (a stencil, on a mimeograph); to trump; to cut (the connection between two groups); to start a fire (with wood-wood friction or by striking a metal against stone); to draw (a shape) in the air (with a sword, etc.); to do completely, to finish doing; to be completely ..., to be totally ..., to be terribly ...; to do clearly, to do decisively, to do firmly"
"綺麗","きれい, キレイ, きれーい","pretty, lovely, beautiful, fair; clean, clear, pure, tidy, neat; completely, entirely"
"","キロ","kilo-, 1000; kilogram, kilogramme; kilometre, kilometer; kilo-, 1024, 2^10"
"金曜日","きんようび","Friday"
"","ギター","guitar"
"牛肉","ぎゅうにく","beef"
"牛乳","ぎゅうにゅう","(cow's) milk"
"銀行","ぎんこう","bank, banking institution"
"薬","くすり, クスリ","medicine, pharmaceuticals, (legal) drugs, pill, ointment, salve; efficacious chemical (gunpowder, pesticide, etc.); (pottery) glaze; (illegal) drug, narcotic; small bribe"
"下さい","ください","please (give me); please (do for me)"
"果物","くだもの, かぶつ","fruit"
"口","くち","mouth; opening, hole, gap, orifice; mouth (of a bottle), spout, nozzle, mouthpiece; gate, door, entrance, exit; speaking, speech, talk (i.e. gossip); taste, palate; mouth (to feed); opening (i.e. vacancy), available position; invitation, summons; kind, sort, type; opening (i.e. beginning); counter for mouthfuls, shares (of money), stove burners, and swords"
"靴","くつ","shoe, shoes, boots, footwear, footgear"
"靴下","くつした","socks, sock, stockings, stocking"
"国","くに","country, state; region; national government, central government; home (i.e. hometown, home country); province (of Japan); land, earth"
"曇り","くもり","cloudiness, cloudy weather; fog (on a mirror, glasses, etc.), cloud (e.g. in marble), blur, mist, shadow, dimness; gloom, dejection"
"曇る","くもる","to get cloudy, to cloud over, to become overcast; to cloud up, to fog up, to mist up, to become dim; to be gloomy, to be clouded (expression), to be downcast; to look slightly downward (of a noh mask; indicating sadness, grief, etc.)"
"暗い","くらい","dark, gloomy, murky; depressed, dispirited, down in the dumps, dark (mood); dark (in colour), dull; ill-boding, dark (e.g. past), suspicious; unlikely (to succeed), hopeless, unpromising; unfamiliar (with), ignorant (of)"
"","クラス","class"
"来る","くる, クる","to come (spatially or temporally), to approach, to arrive; to come back, to do ... and come back; to come to be, to become, to get, to grow, to continue; to come from, to be caused by, to derive from; to come to (e.g. ""when it comes to spinach ..."")"
"車","くるま, クルマ","car, automobile, vehicle; wheel, castor, caster"
"黒","くろ","black; black stone; guilt, guilty person"
"黒い","くろい","black; dark, blackish, sun-tanned (skin); suspicious, criminal, illicit; darkened and dirty, sooty, covered in dirt; evil, wicked, black-hearted; inauspicious, ill-boding, unlucky"
"瓦","グラム","gram, gramme"
"警官","けいかん","police officer, policeman, constable"
"今朝","けさ, こんちょう","this morning"
"消す","けす","to erase, to rub out, to rub off, to cross out, to delete; to turn off (a light, TV, heater, etc.), to switch off; to extinguish (a fire, candle, etc.), to put out; to remove (a smell, pain, etc.), to eliminate, to get rid of, to relieve (pain, anxiety, etc.), to neutralize (poison); to drown out (a sound), to deaden, to absorb, to muffle; to kill, to murder, to bump off, to rub out"
"結構","けっこう","splendid, nice, wonderful, delightful, lovely, excellent, fine; sufficient, satisfactory, enough, fine, all right, OK; not needing (any more of something), (already) having enough, fine (as in ""I'm fine""), no, thank you; rather, quite, fairly, pretty, surprisingly, quite a bit, fairly well; structure, construction, framework, architecture"
"結婚","けっこん","marriage"
"月曜日","げつようび","Monday"
"玄関","げんかん","entrance, front door, entryway, entranceway, entry hall, vestibule, porch, foyer, mud room"
"元気","げんき","lively, full of spirit, energetic, vigorous, vital, spirited; healthy, well, fit, in good health"
"公園","こうえん","(public) park"
"交差点","こうさてん","crossing, intersection"
"紅茶","こうちゃ","black tea"
"交番","こうばん","police box, koban, small neighborhood police station; alternation; alternating (current, stress, etc.)"
"声","こえ","voice; singing (of a bird), chirping (of an insect), hoot; voice, opinion (as expressed in words), view, wish, attitude, will; sound; sense (of something's arrival), feeling; voice, voiced sound"
"此処","ここ","here, this place; this point, here, now; these past ... (e.g. three years), these last ...; the next ... (e.g. few days), these next ..."
"９日","ここのか, ここぬか","9th day of the month; nine days"
"九つ","ここのつ","nine; nine years of age; twelve o'clock (old time system)"
"答える","こたえる","to answer, to reply"
"此方","こちら, こっち, こち","this way, this direction; here; this (one); I, me, we, us; this person"
"洋杯","コップ, コツフ","glass (drinking vessel), tumbler; cups (suit)"
"今年","ことし, こんねん","this year"
"言葉","ことば, けとば","language, dialect; word, phrase, expression, term; speech, (manner of) speaking, (use of) language; words, remark, statement, comment; learning to speak, language acquisition"
"子供","こども","child, children"
"此の","この, こん","this; last (couple of years, etc.), these, past, this; you (as in ""you liar"")"
"","コピー","copy, photocopy; book jacket blurb; (advertising) slogan"
"困る","こまる","to be troubled, to have difficulty, to be in a fix, to be at a loss, to be stumped, to be embarrassed; to be bothered, to be inconvenienced, to be annoyed; to be badly off, to be hard up, to be in straitened circumstances"
"此れ","これ","this, this one; this person; now, this point (in time); here; used to stress the subject of a sentence; I, me"
"今月","こんげつ","this month"
"今週","こんしゅう","this week"
"","こんな","this sort of, this kind of, like this, such"
"今晩","こんばん","tonight, this evening"
"","コート","coat; coating"
"珈琲","コーヒー","coffee"
"五","ご, いつ, い","five, 5"
"午後","ごご","afternoon, p.m."
"午前","ごぜん","morning, a.m."
"ご飯","ごはん","cooked rice; meal"
"","さあ, さー, さぁ","come (on), come now, come along, here; all right, right, okay, now, here goes; well, hmm, uh, let's see, I'm not sure; here, now, there (we go), ah, oh; about that, ..., actually, ..."
"財布","さいふ","wallet, purse, coin purse, billfold, pocketbook"
"魚","さかな, うお","fish"
"先","さき","point, tip, end, nozzle; head (of a line), front; first, before, ahead (of); (the way) ahead, beyond; future; previous, prior, former, recent, last; destination, address, place where you do something; rest (e.g. of a story), continuation, remaining part; the other party"
"咲く","さく","to bloom, to flower, to blossom, to open; to rise up (of breaking waves)"
"作文","さくぶん","writing (an essay, prose, etc.), composition; formal writing with little real meaning"
"差す","さす","to shine; to be visible; to be tinged with; to rise (of water levels), to flow in; to be felt (i.e. as an emotion), to come over one; to hold up (an umbrella, etc.), to put up, to raise; to extend one's arm straight ahead (in dance); to insert, to put in; to wear (a sword) in one's belt, to wear at one's side, to carry under one's arm; to insert one's arm under an opponent's arm; to pole (a boat); to pour, to add (liquid), to serve (drinks); to put on (lipstick, etc.), to apply, to colour, to dye; to light (a fire), to burn; to shut, to close, to lock, to fasten; to stop in the midst of, to leave undone"
"砂糖","さとう","sugar"
"寒い","さむい, さぶい","cold (e.g. weather); uninteresting (esp. joke), lame, dull, weak, corny"
"再来年","さらいねん","year after next"
"三","さん, み","three, 3"
"散歩","さんぽ","walk, stroll"
"雑誌","ざっし","magazine, journal, periodical"
"四","し, よん, よ","four, 4"
"塩","しお","salt, common salt, table salt, sodium chloride; hardship, toil, trouble; saltiness; cold, unwelcoming, indifferent"
"然し","しかし, しっかし","however, but"
"仕事","しごと","work, job, labor, labour, business, task, assignment, occupation, employment; work"
"静か","しずか","quiet, silent; slow, unhurried; calm, peaceful"
"下","した","below, down, under, younger (e.g. daughter); bottom; beneath, underneath; just after, right after; inferiority, one's inferior (i.e. one's junior); trade-in; preliminary, preparatory"
"七","しち, なな, ひち, な","seven"
"質問","しつもん","question, inquiry, enquiry"
"死ぬ","しぬ, ﾀﾋぬ","to die, to pass away; to lose spirit, to lose vigor, to look dead; to cease, to stop"
"閉まる","しまる","to be shut, to close, to be closed; to be firm (of a body, face, etc.), to be well-knit; to be locked; to tighten, to be tightened; to become sober, to become tense"
"閉める","しめる","to close, to shut"
"締める","しめる, シメる","to tie, to fasten, to tighten; to wear (necktie, belt), to put on; to total, to sum; to be strict with; to economize, to economise, to cut down on; to salt, to marinate, to pickle, to make sushi adding a mixture of vinegar and salt; to kill (fish, poultry, etc.); to strongly press (someone), to crack down on, to keep under strict control"
"写真","しゃしん","photograph, photo, picture, photography; moving picture, movie"
"","シャツ","shirt (undergarment), undershirt, singlet; shirt (outerwear; usu. with collar and buttons)"
"","シャワー","shower"
"宿題","しゅくだい","homework, assignment; pending issue, unresolved problem, open question"
"醤油","しょうゆ, しょうゆう","soy sauce, soya sauce, shoyu"
"食堂","しょくどう","dining room, dining hall, cafeteria, canteen, messroom; restaurant, eatery, snack bar, diner"
"知る","しる","to know, to be aware (of), to be conscious (of), to learn (of), to find out, to discover; to sense, to feel, to notice, to realize; to understand, to comprehend, to grasp, to appreciate; to remember, to be familiar with, to be acquainted with; to experience, to go through, to know (e.g. hardship); to get acquainted with (a person), to get to know; to have to do with, to be concerned with, to be one's concern, to be one's responsibility"
"白","しろ","white; innocence, innocent person; blank space; white stone; white dragon tile; skewered grilled pig intestine"
"白い","しろい","white"
"新聞","しんぶん","newspaper"
"時間","じかん","time; hour; period, class, lesson"
"辞書","じしょ","dictionary, lexicon; letter of resignation"
"自転車","じてんしゃ, じでんしゃ","bicycle, bike"
"自動車","じどうしゃ","car, automobile, motorcar, motor vehicle, auto"
"字引","じびき","dictionary"
"自分","じぶん","myself, yourself, oneself, himself, herself; I, me; you"
"","じゃあ, じゃ","then, well, so, well then"
"十","じゅう, とお, と","ten, 10; ten years of age; book containing a collection of poems"
"授業","じゅぎょう","lesson, class, teaching, instruction, classwork, schoolwork"
"上手","じょうず, じょうて, じょうしゅ","skillful, skilled, proficient, good (at), adept, clever; flattery"
"丈夫","じょうぶ","healthy, robust, strong, solid, durable"
"水曜日","すいようび","Wednesday"
"吸う","すう","to smoke, to breathe in, to inhale; to suck, to sip, to slurp; to absorb, to soak up; to kiss"
"","スカート","skirt"
"好き","すき","liking, being fond of, to one's liking, to one's taste, preferred, favourite; liking (romantically), being in love with, beloved; faddism, eccentricity; as one likes, as it suits one; lecherous, lustful, salacious"
"少ない","すくない","few, little, small (amount), low, scarce, insufficient, seldom, rare"
"直ぐに","すぐに","immediately, right away, at once, instantly"
"少し","すこし","a little, a bit, a small amount, a few, some, slightly, somewhat; a little while, a short time, a moment, a minute; a little way, a short distance"
"涼しい","すずしい","cool, refreshing; clear (e.g. eyes), bright; clear, distinct; composed (facial expression), unruffled, unconcerned; pure, upright, innocent"
"","ストーブ, ストーヴ","(room) heater, stove"
"","スプーン, スプン","spoon"
"","スポーツ","sport, sports"
"住む","すむ","to live (of humans), to reside, to inhabit, to dwell, to abide"
"","スリッパ, スリッパー","slipper, slippers"
"為る","する","to do, to carry out, to perform; to cause to become, to make (into), to turn (into); to serve as, to act as, to work as; to wear (clothes, a facial expression, etc.); to judge as being, to view as being, to think of as, to treat as, to use as; to decide on, to choose; to be sensed (of a smell, noise, etc.); to be (in a state, condition, etc.); to be worth, to cost; to pass (of time), to elapse; to place, or raise, person A to a post or status B; to transform A to B, to make A into B, to exchange A for B; to make use of A for B, to view A as B, to handle A as if it were B; to feel A about B; verbalizing suffix (applies to nouns noted in this dictionary with the part of speech ""vs""); creates a humble verb (after a noun prefixed with ""o"" or ""go""); to be just about to, to be just starting to, to try to, to attempt to"
"座る","すわる","to sit (down), to have a seat, to be seated, to kneel (on the floor); to assume (a position), to take on (a duty), to occupy (a post); to hold steady, to hold still"
"洋袴","ズボン","trousers, pants"
"背","せ","back; reverse, rear side, back (e.g. of a chair), spine (of a book); height, stature; ridge (of a mountain)"
"生徒","せいと","pupil, student, schoolchild"
"節倹","せっけん","economy, thrift"
"背広","せびろ, セビロ","business suit"
"狭い","せまい","narrow, confined, small, cramped; limited, narrow-minded, confining"
"千","せん, ち","thousand, 1,000"
"先月","せんげつ","last month"
"先週","せんしゅう","last week, the week before"
"先生","せんせい","teacher, instructor, master; sensei, title or form of address for a teacher, master, doctor, lawyer, etc.; intimate or teasing form of address; one's elder"
"洗濯","せんたく, せんだく","washing, laundry; relaxation, rejuvenation, melting away (of worries, fatigue, etc.)"
"","セーター, スエーター, スウェーター","sweater, jumper"
"０","ゼロ","zero, 0, nought, nil; nothing, zilch"
"全部","ぜんぶ","all, entire, whole, altogether"
"然うして","そうして","and, like that"
"掃除","そうじ","cleaning, sweeping, dusting, scrubbing"
"其処","そこ","there (place relatively near listener); there (place just mentioned), that place; then (of some incident just spoken of), that (of point just raised); you"
"其方","そちら, そっち, そなた, そち","that way, that direction; there; that (one); you, your family, your company; that person"
"外","そと, と","outside, exterior; the open (air); other place, somewhere else, outside one's group (family, company, etc.)"
"其の","その, そん","that, the; part (as in ""part two""); um ..., er ..., uh ..."
"側","そば, そく, はた","near, close, beside, vicinity, proximity, besides, while; third person"
"祖父","そふ, じじ, じい, おおじ, おじ, そぶ","grandfather; old man; kyogen mask used for the role of an old man"
"空","そら","sky, the air, the heavens; weather; far-off place, distant place; state of mind, feeling; (from) memory, (by) heart; falsehood, lie; somehow, vaguely; fake"
"其れ","それ","that, it; then, that point (in time), that time; there; you"
"其れから","それから","and then, after that"
"其れでは","それでは","well, ..., right, ..., now, ...; so, then; that way (would mean ...), if that is the case, in that case; bye then"
"大使館","たいしかん","embassy"
"大切","たいせつ, たいせち","important, significant, serious, crucial; precious, valuable, dear, cherished, beloved; careful"
"大変","たいへん","very, greatly, terribly, awfully; immense, enormous, great; serious, grave, dreadful, terrible; difficult, hard, challenging; major incident, disaster"
"高い","たかい, たかーい, たっけー, たっかーい","high, tall; expensive, high-priced; high (level), above average (in degree, quality, etc.); loud; high-pitched, shrill"
"沢山","たくさん","a lot, lots, plenty, many, a large number, much, a great deal, a good deal; enough, sufficient; enough, too many, too much"
"","タクシー, タクシ, タキシ, タキシー, タクシィ, タクシイ, タキシイ","taxi"
"立つ","たつ","to stand (up), to rise, to get to one's feet, to stand on end (e.g. of hairs), to stick up; to stand (in a position; of a person, tree, building, etc.), to be situated (in, on); to be (in difficulties, the lead, etc.), to put oneself (in a position or situation), to take up (a position, post, etc.), to position oneself; to leave (to do something); to depart (on a journey, trip, etc.), to leave, to set off, to start; to get stuck (into; of an arrow, thorn etc.), to pierce; to develop (of a haze, waves, etc.), to form (of steam, bubbles, etc.), to appear (of a rainbow, clouds, etc.), to rise (of smoke, waves, etc.), to begin to blow (of a wind, breeze, etc.); to spread (of a rumour, reputation, etc.), to be become widely known; to stand (for election), to run; to take action, to act, to rise (up), to rouse oneself; to have an erection, to become erect (e.g. of nipples); to be established (of a policy, plan, objective, etc.), to be formed; to be valid (of an argument, logic, etc.), to hold up, to hold water, to stand up (e.g. of evidence), to be logical, to be reasonable; to be sustained (of a living, business, etc.), to be maintained, to survive, to be preserved (of one's reputation, honour, etc.), to be saved; to start (of a season), to begin; to be held (of a market); to shut (of a door, shoji, etc.), to be shut, to be closed; to be (the result of a division)"
"縦","たて, タテ","the vertical, height; front-to-back, length; north-to-south; vertical (relationship), hierarchy; (weaving) warp"
"建物","たてもの","building"
"楽しい","たのしい","enjoyable, fun, pleasant, happy, delightful"
"頼む","たのむ","to request, to beg, to ask; to call, to order, to reserve; to entrust to; to rely on; please, please do"
"煙草","タバコ, たばこ","tobacco, cigarette, cigar; tobacco plant (Nicotiana tabacum)"
"多分","たぶん","probably, likely, perhaps, maybe; a lot of, much, many, considerable, large (amount), generous"
"食べ物","たべもの","food"
"食べる","たべる","to eat; to live on (e.g. a salary), to live off, to subsist on"
"卵","たまご","eggs, egg, spawn, roe; (hen's) egg; a ... in the making, future (lawyer, doctor, etc.), budding ...; beginning, origin, infancy"
"誕生日","たんじょうび","birthday"
"大学","だいがく","university, college; former imperial university of Japan (established under the ritsuryō system for the training of government administrators); the Great Learning (one of the Four Books)"
"大丈夫","だいじょうぶ, だいじょぶ","safe, secure, sound, problem-free, without fear, all right, alright, OK, okay; certainly, surely, undoubtedly; no thanks, I'm good, that's alright; great man, fine figure of a man"
"大好き","だいすき","liking very much, loving (something or someone), adoring, being very fond of"
"台所","だいどころ, だいどこ","kitchen; financial situation, finances"
"出す","だす","to take out, to get out; to put out, to reveal, to show; to submit (e.g. thesis), to turn in; to publish, to make public; to send (e.g. letter); to produce (a sound), to start (fire); to serve (food); ... out (e.g. to jump out, to carry out); to begin ..., to start to ..., to burst into ..."
"誰","だれ, だあれ, だーれ","who"
"誰か","だれか","someone, somebody"
"段々","だんだん","gradually, by degrees, little by little, more and more, increasingly; steps, stairs, staircase, terrace"
"小さい","ちいさい","small, little, tiny; slight, below average (in degree, amount, etc.), minor, small; low (e.g. sound), soft (e.g. voice); unimportant, petty, insignificant, trifling, trivial; young, juvenile"
"小さな","ちいさな","small, little, tiny"
"近い","ちかい","near, close, short (distance); close (in time), soon; close (relationship), friendly, intimate; closely related; similar, almost the same, close to, nearly"
"近く","ちかく","near, neighbourhood, neighborhood, vicinity; nearly (e.g. ""it took nearly one year""), close to; shortly, soon"
"地下鉄","ちかてつ","subway, metro, underground (railway)"
"違う","ちがう","to differ (from), to be different, to be distinct, to be unlike, to vary, to disagree (with); to be wrong, to be incorrect, to be mistaken; to become abnormal, to go wrong; isn't it?, wasn't it?"
"地図","ちず","map, atlas, chart, plan"
"茶色","ちゃいろ","brown, light brown, tawny"
"茶碗","ちゃわん","rice bowl, tea cup, teacup"
"丁度","ちょうど","exactly, precisely, just, right, opportunely, fortunately; just (like), as if, as though"
"一寸","ちょっと, ちょと, チョット, ちょいと, チョッと","a little, a bit, slightly; just a minute, for a moment, briefly; somewhat, rather, fairly, pretty, quite; (not) easily, (not) readily; hey!, come on, excuse me; thanks, but no, not feasible, not possible"
"１日","ついたち","first day of the month"
"使う","つかう","to use (a tool, method, etc.), to make use of, to put to use; to use (a person, animal, puppet, etc.), to employ, to handle, to manage, to manipulate; to use (time, money, etc.), to spend, to consume; to use (language), to speak"
"疲れる","つかれる","to get tired, to tire, to get fatigued, to become exhausted, to grow weary; to become worn out (of a well-used object); to starve"
"次","つぎ","next, following, subsequent; stage, station"
"着く","つく","to arrive at, to reach; to sit on, to sit at (e.g. the table)"
"机","つくえ, つき","desk"
"作る","つくる","to make, to produce, to manufacture, to build, to construct; to prepare (food), to brew (alcohol); to raise, to grow, to cultivate, to train; to till; to draw up (a document), to make out, to prepare, to write; to create (an artistic work, etc.), to compose; to coin (a phrase), to organize, to organise, to establish, to found; to have (a child); to make up (one's face, etc.); to fabricate (an excuse, etc.); to give a (false) appearance, to feign (a smile, etc.), to put on a show of emotion; to form (a line, etc.); to set (a record); to commit (a sin, etc.)"
"付ける","つける","to attach, to join, to connect, to add, to append, to affix, to stick, to glue, to fasten, to sew on, to apply (ointment), to put against; to furnish (a house with); to wear, to put on; to keep a diary, to make an entry; to appraise, to set (a price); to allot, to budget, to assign; to bring alongside; to place (under guard or doctor); to follow (someone), to shadow, to tail, to stalk; to load, to give (courage to); to keep (an eye on); to establish (relations or understanding); to turn on (a light); to produce flowers (of a plant), to produce fruit; to do intensely, to do fiercely, to do strongly; to be used to (doing), to be accustomed to"
"勤める","つとめる","to work (for), to be employed (at), to serve (in); to serve (as), to act (as), to fill (the position of), to play the role (of); to conduct a religious service"
"詰らない","つまらない, つまらねー","dull, uninteresting, boring, tedious; insignificant, unimportant, trifling, trivial, worthless; absurd, foolish, silly, stupid; useless, pointless, disappointing"
"冷たい","つめたい, つべたい","cold (to the touch), chilly, icy, freezing; (emotionally) cold, coldhearted, unfeeling, indifferent, unfriendly, distant"
"強い","つよい","strong, potent, competent, domineering, tough; strong, brawny, powerful, healthy, rugged; good (at), skilled, knowledgeable; being able to handle, know how to deal (with), durable (against), resistant (to), resilient; firm, rigid, solid; intense, strong, fierce, high; dependable, trustworthy"
"手","て","hand, arm; forepaw, foreleg; handle; hand, worker, help; trouble, care, effort; means, way, trick, move, technique, workmanship; hand, handwriting; kind, type, sort; one's hands, one's possession; ability to cope; hand (of cards); direction; move (in go, shogi, etc.)"
"手紙","てがみ","letter, note"
"","テスト","test (of ability, knowledge, etc.), exam, examination, quiz; test (of performance, quality, etc.), trial; rehearsal"
"","テレビ","television, TV; TV program, TV programme, TV broadcast"
"天気","てんき","weather; fair weather, fine weather"
"","テーブル","table"
"","テープ","tape"
"","テープレコーダー, テープ・レコーダー, テープレコーダ, テープ・レコーダ","tape recorder"
"出かける","でかける","to go out (e.g. on an excursion or outing), to leave, to depart, to start, to set out; to be about to leave, to be just going out"
"出来る","できる","to be able to do, to be possible, to be permitted (to do); to be good at, to do well, to be proficient (in), to be capable; to come into existence, to form, to appear, to come up (of a matter), to be born, to make (a friend), to get (a girlfriend, free time, etc.); to be made, to be built, to be constructed, to be formed, to be established, to be set up; to be finished, to be completed, to be done, to be ready; to grow (of a crop), to be produced; to be mature and well-balanced, to be of fine character; to be by nature, to be born ...; to become (sexually) involved (with), to become intimate (with), to take up (with someone); to get pregnant"
"出口","でぐち","exit, way out; outlet, vent"
"","では","then, well, so, well then; bye then; at, in, by, with, using; if not ..., unless ..."
"","デパート","department store; department"
"","でも","but, however, though, nevertheless, still, yet, even so, also, as well; even; however, no matter how, even if, even though; ... or something; either ... or ..., neither ... nor ...; pseudo-, quack, in-name-only; for lack of anything better to do"
"出る","でる","to leave, to exit, to go out, to come out, to get out; to leave (on a journey), to depart, to start out, to set out; to move forward; to come to, to get to, to lead to, to reach; to appear, to come out, to emerge, to surface, to come forth, to turn up, to be found, to be detected, to be discovered, to be exposed, to show, to be exhibited, to be on display; to appear (in print), to be published, to be announced, to be issued, to be listed, to come out; to attend, to participate, to take part, to enter (an event), to play in, to perform; to be stated, to be expressed, to come up, to be brought up, to be raised; to sell; to exceed, to go over; to stick out, to protrude; to break out, to occur, to start, to originate; to be produced; to come from, to be derived from; to be given, to get, to receive, to be offered, to be provided, to be presented, to be submitted, to be handed in, to be turned in, to be paid; to answer (phone, door, etc.), to get; to assume (an attitude), to act, to behave; to pick up (speed, etc.), to gain; to flow (e.g. tears), to run, to bleed; to graduate; to ejaculate, to cum"
"電気","でんき","electricity; (electric) light"
"電車","でんしゃ","train, electric train"
"電話","でんわ","telephone call, phone call; telephone (device), phone"
"戸","と","door (esp. Japanese-style); shutter, window shutter; entrance (to a home); narrows"
"","トイレ","toilet, restroom, bathroom, lavatory; going to the toilet, relieving oneself"
"遠い","とおい","far, distant, far away, a long way off, in the distance; distant (past), remote (in time), remote, far-removed (in time); distant (relationship or kinship), having little to do (with someone); far (from something else in quality, degree, etc.), not similar, way off; hard (of hearing); nearsighted"
"１０日","とおか","10th day of the month; ten days"
"時々","ときどき","sometimes, occasionally, at times, from time to time, now and then, once in a while, at intervals; seasonal, of the season, appropriate (for the season or occasion)"
"時計","とけい","clock, watch, timepiece"
"所","ところ, とこ","place, spot, scene, site; address; district, area, locality; one's house; point, aspect, side, facet; passage (in text), part; space, room; thing, matter; whereupon, as a result; about to, on the verge of; was just doing, was in the process of doing, have just done, just finished doing; approximately, around, about"
"年","とし","year; age, years; past one's prime, old age"
"図書館","としょかん, ずしょかん","library"
"迚も","とても, とっても","very, awfully, exceedingly; (not) at all, by no means, simply (cannot)"
"隣","となり","next (to), adjoining, adjacent; house next door, neighbouring house, next-door neighbour, next-door neighbor"
"飛ぶ","とぶ","to fly, to soar; to jump, to leap, to spring, to bound, to hop; to spatter, to scatter, to splash, to fly (e.g. of sparks); to hurry, to rush; to flee, to run off, to escape; to disappear, to vanish, to fade, to thin out; to break off, to come off, to fall off, to blow (of a fuse); to be sent out (of an order), to fly (of false rumours, catcalls, etc.); to come flying (of a punch, kick, etc.); to be missing (of a page, stitch, etc.), to skip, to jump (e.g. of a conversation)"
"止まる","とまる","to stop (moving), to come to a stop; to stop (doing, working, being supplied), to come to a halt, to cease, to be stopped, to be suspended; to alight, to perch on"
"友達","ともだち, トモダチ","friend, companion"
"鳥","とり, トリ","bird; bird meat (esp. chicken meat), fowl, poultry"
"鶏肉","とりにく, けいにく, ちょうにく","chicken meat; fowl, poultry, bird meat"
"取る","とる","to take, to pick up, to grab, to catch, to hold; to pass, to hand, to give; to get, to obtain, to acquire, to win, to receive, to earn, to take (e.g. a vacation); to adopt (a method, proposal, etc.), to take (a measure, attitude, etc.), to choose; to remove, to get rid of, to take off; to take away, to steal, to rob; to eat, to have (e.g. lunch), to take (e.g. vitamins); to pick (e.g. flowers), to gather, to extract (e.g. juice), to catch (e.g. fish), to harvest (a crop); to take up (time, space), to occupy, to spare, to set aside; to secure, to reserve, to save, to put aside, to keep; to take (e.g. a joke), to interpret, to understand, to make out, to grasp; to record, to take down; to subscribe to (e.g. a newspaper), to take, to buy, to get; to order, to have delivered; to charge, to fine, to take (tax); to take (e.g. a wife), to take on (e.g. an apprentice), to adopt, to accept; to take control of, to take (the rudder); to compete (in sumo, cards, etc.), to play"
"撮る","とる","to take (a photograph); to record (audio or video), to film, to shoot"
"","ドア, ドアー","door"
"如何","どう","how, in what way, how about"
"如何して","どうして, どーして","how, in what way, by what means; why, for what reason, for what purpose, what for; cannot possibly; no way"
"","どうぞ","please, kindly, pray, I beg (of you); by all means, certainly, of course, (go) ahead, (feel) free (to), (you are) welcome (to), please (help yourself to); here you are; to give"
"動物","どうぶつ","animal"
"","どうも","thank you, thanks; much (thanks), very (sorry), quite (regret); quite, really, mostly; somehow; in spite of oneself, try as one might, no matter how hard one may try (to, not to); greetings, hello, goodbye"
"何処","どこ, いずこ, いずく, いづこ, いどこ","where, what place; how much (long, far), what extent"
"何方","どちら, どっち","which way, which direction, where; which one (esp. of two alternatives); who"
"何方","どなた","who"
"何の","どの","which, what (way)"
"土曜日","どようび","Saturday"
"何れ","どれ","which (of three or more); well, now, c'mon"
"","ナイフ","knife"
"中","なか","inside, interior; among, within; middle, center, centre; during, while, middle, midst, amid; interval, gap; mean, average; second (of three, e.g. sons, volumes), middle; medium grade, medium quality; red-light district"
"長い","ながい, ながーい, なっがい, なげー","long (distance, length); long (time), protracted, prolonged"
"鳴く","なく","to make sound (of an animal), to call, to cry, to whine, to sing, to chirp; to make a meld call (e.g. pung, kong)"
"無くす","なくす","to lose (something); to get rid of, to eliminate, to remove, to eradicate, to abolish"
"何故","なぜ","why, how, for what reason"
"夏","なつ","summer"
"夏休み","なつやすみ","summer vacation, summer holiday"
"等","など","et cetera, etc., and the like, and so forth; or something; the likes of; for example, for instance, for one"
"七つ","ななつ","seven; seven years of age; four o'clock (old time system)"
"７日","なのか, なぬか","7th day of the month; seven days"
"名前","なまえ","name; given name, first name"
"習う","ならう","to take lessons in, to be taught, to learn (from a teacher), to study (under a teacher), to get training in"
"並ぶ","ならぶ","to line up, to stand in a line; to rival, to match, to equal"
"並べる","ならべる","to line up, to set up, to arrange in a line; to enumerate, to itemize; to be equal (to), to compare well (with), to be as good (as)"
"成る","なる","to become, to get, to grow, to turn, to reach, to attain; to result in, to turn out, to end up, to prove (to be); to consist of, to be composed of, to be made up of; to be completed, to be realized, to succeed, to be attained, to be accomplished; to change (into), to turn (into), to transform; to come (to do), to begin (to do), to grow (to do); to come to, to amount to, to add up to, to make; to play (the part of), to act as; to be used for, to be useful for, to serve as; to be promoted; to do ..."
"何","なん","what; how many; many, a lot of; several, a few, some"
"二","に, ふた, ふ, ふう","two, 2"
"賑やか","にぎやか","bustling, busy, crowded, lively, prosperous, thriving; lively (party, voices, etc.), loud, noisy, merry, cheerful"
"肉","にく","flesh; meat; flesh (of a fruit), pulp; the physical body (as opposed to the spirit), flesh; thickness; content, substance, flesh; ink pad"
"西","にし","west"
"日曜日","にちようび","Sunday"
"荷物","にもつ","luggage, baggage, package; burden; payload (of a packet, cell, etc.)"
"","ニュース, ニューズ","news"
"庭","にわ","garden, yard, courtyard; field (of action), area"
"脱ぐ","ぬぐ","to take off (clothes, shoes, etc.), to undress"
"温い","ぬるい","lukewarm, tepid; lenient"
"","ネクタイ","tie, necktie"
"猫","ねこ, ネコ","cat (esp. the domestic cat, Felis catus); shamisen; geisha; wheelbarrow; clay bed-warmer; bottom (submissive partner of a homosexual relationship)"
"寝る","ねる","to sleep (lying down); to go to bed, to lie in bed; to lie down; to sleep (with someone, i.e. have intercourse); to lie flat (e.g. of hair); to lie idle (of funds, stock, etc.); to ferment (of soy sauce, miso, etc.)"
"上る","のぼる","to ascend, to go up, to climb; to ascend (as a natural process, e.g. the Sun), to rise; to go to (the capital); to be promoted; to add up to; to advance (in price); to swim up (a river), to sail up; to come up (on the agenda)"
"飲み物","のみもの","drink, beverage"
"飲む","のむ","to drink, to swallow, to take (medicine); to smoke (tobacco); to swallow up, to engulf; to suppress (one's anger, bitter feelings, etc.), to keep down, to hold back, to swallow (one's tears), to catch (one's breath); to accept (a demand, conditions, etc.), to agree to; to make light of (someone), to think nothing of, to overwhelm, to overawe; to carry (a concealed dagger, etc.), to conceal (up one's sleeve, etc.)"
"乗る","のる, ノる","to get on (train, plane, bus, ship, etc.), to get in, to board, to take, to embark; to get on (e.g. a footstool), to step on, to jump on, to sit on, to mount; to reach, to go over, to pass; to follow, to stay (on track), to go with (the times, etc.); to take part, to participate, to join; to get into the swing (and sing, dance, etc.); to be deceived, to be taken in; to be carried, to be spread, to be scattered; to stick, to attach, to take, to go on"
"","ノート","notebook, copy-book, exercise book; note, noting down; (musical) note; laptop (computer), notebook (computer)"
"歯","は","tooth, teeth; tooth (of a comb, saw, etc.), cog; support (of a geta)"
"","はい, はーい, はーーい","yes, that is correct; understood, I see, OK, okay; present, here; pardon?, what's that?, come again?; now, here, here you go; giddy-up, giddap"
"灰皿","はいざら","ashtray"
"入る","はいる","to enter, to come in, to go in, to get in, to arrive; to join (a club, company, etc.), to enter (a university, the army, etc.), to enroll (in), to go into (e.g. politics), to get into; to be contained (in), to be included (in), to be inside (e.g. a box), to come under (a heading), to belong (in a category); to (be able to) fit (in a container, building, etc.), to be (able to be) held, to be (able to be) accommodated; to be introduced, to be brought in, to be installed; to be received, to be obtained; to be scored (of points), to be won (of votes); to turn on, to start functioning, to start working; to enter (a month, season, etc.), to reach (e.g. a climax), to get to (e.g. the main topic), to enter into (e.g. negotiations), to start (doing), to begin; to form (of a crack, fissure, etc.), to develop; to be put in (of effort, spirit, feeling, etc.), to be applied (e.g. of strength); to be ready (of tea, coffee, etc.), to be made; to enter the body (of alcohol), to become drunk"
"葉書","はがき, ハガキ","postcard; memo, note, card"
"履く","はく","to put on (lower-body clothing, e.g. pants, skirt, footwear), to wear; to affix (a sword to one's hip); to affix (a bowstring to a bow)"
"箱","はこ, ハコ","box, case, chest, package, pack, crate; car (of a train, etc.); shamisen case, shamisen; public building, community building; man who carries a geisha's shamisen; receptacle for human waste, feces (faeces); counter for boxes (or boxed objects)"
"箸","はし","chopsticks"
"橋","はし","bridge"
"走る","はしる","to run; to run (of a vehicle), to drive, to travel, to move, to sail; to rush (to), to dash, to race; to retreat, to flee, to defect (to); to run away, to abscond, to elope; to flash (of lightning), to streak, to shoot (through; e.g. of pain), to run (through), to flare, to flit (e.g. across one's face), to spread quickly (of news, shock, etc.); to go (e.g. bad, to extremes), to become, to turn, to take to (e.g. crime), to get carried away by (e.g. one's emotions), to get involved in, to get wrapped up in; to run (through; of a road, street, etc.), to extend (e.g. of a mountain range), to stretch, to lie"
"始まる","はじまる","to begin, to start, to commence; to happen (again), to begin (anew); to date (from), to originate (in)"
"始め","はじめ","beginning, start, outset, opening; first (in line, etc.); origin; such as ..., not to mention ..."
"初めて","はじめて","for the first time; only after ... is it ..., only when ... do you ..., not until ... do you ...; first time, (one's) first"
"２０歳","はたち, にじゅっさい, にじっさい","20 years old; twenty"
"働く","はたらく","to work, to labor, to labour; to function, to operate, to be effective, to work (i.e. ... works), to come into play; to commit (e.g. a crime), to perpetrate, to do, to act, to practise, to practice; to be conjugated"
"八","はち, や","eight, 8"
"２０日","はつか, にじゅうにち","20th day of the month; 20 days"
"花","はな","flower, blossom, bloom, petal; cherry blossom; beauty; blooming (esp. of cherry blossoms); ikebana; hanafuda; (the) best; glorious, lovely"
"鼻","はな","nose"
"話","はなし","talk, speech, chat, conversation; topic, subject; discussions, negotiation, argument; rumor, talk, hearsay; tale, story, fable; circumstances, particulars"
"話す","はなす","to talk, to speak, to converse, to chat; to tell, to explain, to narrate, to mention, to describe, to discuss; to speak (a language)"
"早い","はやい, はえー, はっやい, はっやーい, はやーい","fast, quick, rapid, swift, speedy, brisk, prompt; early, soon, earlier than usual; premature, too soon, too early; easy, simple, quick, fast; as soon as ..., the moment ..., the instant ..."
"春","はる","spring, springtime; New Year; prime (of life), height (of one's prosperity), heyday; adolescence, puberty; sexuality, sexual desire"
"張る","はる","to stick, to paste, to affix; to stretch, to spread, to strain, to tighten, to put up (e.g. a tent); to form (e.g. ice on a pond); to fill, to swell; to stick out, to push out; to post (a link, etc. online); to be expensive; to keep a watch on, to be on the lookout; to slap; to become one tile away from completion; to span, to generate"
"晴れ","はれ","clear weather, fine weather; formal, ceremonial, public; cleared of suspicion"
"晴れる","はれる","to clear up, to clear away, to be sunny, to stop raining; to refresh (e.g. spirits); to be cleared (e.g. of a suspicion); to be dispelled, to be banished"
"半","はん","half, semi-, partial; half-past; odd number; han (unit of land area, approx. 595.8 m^2)"
"","ハンカチ, ハンケチ","handkerchief"
"半分","はんぶん","half"
"","バス","bus"
"","バター, バタ","butter"
"晩","ばん","evening, night; dinner, evening meal; counter for nights"
"番号","ばんごう","number, series of digits"
"晩御飯","ばんごはん","dinner, evening meal"
"","パン","bread, (sweet) pastry; staff of life, one's bread"
"","パーティー, パーティ, パーリー","party (social gathering); party (group of people participating in an activity, esp. mountain climbing); (political) party"
"東","ひがし, ひむかし, ひんがし","east"
"引く","ひく","to pull, to tug, to lead (e.g. a horse); to draw (attention, sympathy, etc.), to attract (e.g. interest); to draw back (e.g. one's hand), to draw in (one's chin, stomach, etc.), to pull in; to draw (a card, mahjong tile, etc.); to draw (a line, plan, etc.); to catch (a cold); to play (a stringed or keyboard instrument); to look up (in a dictionary, phone book, etc.), to consult, to check; to haul, to pull (vehicles); to subtract, to deduct; to recede, to ebb, to fade; to be descend from, to inherit (a characteristic); to quote, to cite, to raise (as evidence); to lay on (electricity, gas, etc.), to install (e.g. a telephone), to supply (e.g. water); to hold (e.g. a note); to apply (e.g. lipstick), to oil (e.g. a pan), to wax (e.g. a floor); to move back, to draw back, to recede, to fall back, to retreat; to lessen, to subside, to ebb, to go down (e.g. of swelling); to resign, to retire, to quit; to be put off (by someone's words or behaviour), to be turned off, to recoil (in disgust, etc.), to cringe"
"低い","ひくい, ひっくい","low (rank, degree, value, content, quality, etc.); low (position), close to the ground; short (height); deep (voice), in a low key, low (volume)"
"弾く","ひく","to play (a stringed or keyboard instrument)"
"飛行機","ひこうき","airplane, aeroplane, plane, aircraft"
"左","ひだり","left, left-hand side; left hand; the left (wing), leftist; fondness for alcohol, drinker"
"人","ひと, ヒト","person, someone, somebody; human beings, mankind, man, people, humans; human (Homo sapiens); (other) people, others; character, personality, nature; capable person, competent person, suitable person, right person; adult, grown-up; I, me, one"
"一つ","ひとつ","one; for one thing; only; (not) even; just (e.g. ""just try it""); some kind of, one type of"
"一月","ひとつき, いちげつ","one month"
"一人","ひとり, いちにん","one person; being alone, being by oneself; being single, being unmarried; by oneself, alone; just, only, simply"
"暇","ひま, ヒマ","spare time, free time, leisure; time (it takes to do something), time required; time off, leave, vacation, holiday; dismissal, firing, severance, divorce; free, not busy, unoccupied, idle; slow (business), slack, dull; to be free, to be not busy, to be available, to be doing nothing"
"百","ひゃく, はく","hundred, 100"
"昼","ひる","noon, midday; daytime; lunch"
"昼ご飯","ひるごはん","lunch, midday meal"
"広い","ひろい","spacious, vast, wide"
"病院","びょういん","hospital, clinic, doctor's office, doctor's surgery, infirmary"
"病気","びょうき, ビョーキ","illness (usu. excluding minor ailments, e.g. common cold), disease, sickness; bad habit, bad behaviour, weakness, failing; crazy, insane, disturbed, sick in the head"
"","フィルム, フイルム","film"
"封筒","ふうとう","envelope"
"","フォーク, ホーク","fork; forkball"
"吹く","ふく","to blow (of the wind); to blow (one's breath), to breathe out, to blow on (hot tea, candles, etc.), to puff; to play (a wind instrument), to blow (a whistle, trumpet, etc.), to whistle (a tune); to emit (smoke, fire, etc.), to spout, to spew, to puff out; to sprout, to put forth (buds); to appear (on the surface), to form, to be coated with (powder, rust, etc.); to burst out laughing, to burst into laughter; to brag, to talk big; to smelt, to mint"
"服","ふく","clothes (esp. Western clothes), clothing, dress, costume, suit, outfit; counter for doses of medicine, gulps of tea, puffs of a cigarette, etc."
"二つ","ふたつ","two"
"二人","ふたり, ににん","two persons, two people, pair, couple"
"２日","ふつか","2nd day of the month; two days"
"太い","ふとい","fat, thick; deep (of a voice), thick, sonorous; daring, shameless, brazen, audacious"
"冬","ふゆ","winter"
"降る","ふる","to fall (of rain, snow, ash, etc.), to come down; to form (of frost); to beam down (of sunlight or moonlight), to pour in; to visit (of luck, misfortune, etc.), to come, to arrive"
"古い","ふるい","old, aged, ancient, antiquated, antique, timeworn; long, since long ago, time-honored; of the distant past, long-ago; stale, threadbare, hackneyed, corny; old-fashioned, outmoded, out-of-date"
"風呂","ふろ","bath, bathing, bathtub, bathroom; bathhouse, public bath; room for drying lacquerware; base (wooden joint connecting the blade of a hoe, spade, etc., to the handle)"
"豚肉","ぶたにく, とんにく","pork"
"文章","ぶんしょう, もんじょう, もんぞう","writing, composition, essay, article, passage, prose, (writing) style; sentence"
"","プール","(swimming) pool; pool (cue sport); pooling (money, resources, etc.); pool (price ring)"
"下手","へた, ヘタ","unskillful, poor, awkward; imprudent, untactful"
"部屋","へや","room, chamber; apartment, flat, pad; stable"
"辺","へん","area, vicinity, region; side, edge; circumstances"
"","ベッド","bed"
"勉強","べんきょう","study; diligence, working hard; experience, lesson (for the future); discount, price reduction"
"便利","べんり","convenient, handy, useful"
"","ペット","pet; trumpet"
"","ペン","pen"
"頁","ページ","page; nth page, page ..."
"他","ほか","another place, some other place, somewhere else, outside; another (person or thing), other, different, something else, someone else, the rest, et al.; beyond (one's expectations, imagination, etc.), outside; except, but, other than, apart from; besides, in addition to, as well as, on top of"
"欲しい","ほしい","wanting (to have), desiring, wishing for; I want (you, them, etc.) to (do)"
"細い","ほそい","thin, slender, fine; unlucky"
"","ホテル","hotel"
"本","ほん","book, volume, script; this, present, current, ... in question, ... at issue; main, head, principal; real, genuine, regular, proper; counter for long, cylindrical things, counter for films, TV shows, etc., counter for goals, home runs, etc., counter for telephone calls"
"本棚","ほんだな","bookshelves, bookshelf, bookcase"
"本当","ほんとう, ほんと, ホントー, ホント, ホントウ","truth, reality, actuality, fact; proper, right, correct, official; genuine, authentic, real, natural, veritable"
"帽子","ぼうし","hat, cap"
"釦","ボタン","button (clothing); push-button, button"
"","ボールペン, ボール・ペン","ball-point pen"
"","ポケット","pocket"
"","ポスト","postbox, mailbox, mail box, pillar box; post, position; post (e.g. goalpost); post- (e.g. post-Cold War)"
"毎朝","まいあさ, まいちょう","every morning"
"毎週","まいしゅう","every week"
"毎月","まいつき, まいげつ","every month, each month, monthly"
"毎年","まいとし, まいねん","every year, yearly, annually"
"毎日","まいにち","every day, daily"
"毎晩","まいばん","every night"
"前","まえ","in front (of), before (e.g. a building); before, earlier, previously, prior, ago, (minutes) to (the hour); (the) front, frontal part, fore, head (e.g. of a line); forward, ahead; (in the) presence (of), in front (of someone); previous (e.g. page), prior (e.g. engagement), first (e.g. half), former (e.g. example); portion, helping; front (of one's body or clothing), breast (of a coat, kimono, etc.); privates, private parts; criminal record, previous conviction, (a) prior"
"曲がる","まがる","to bend, to curve, to warp, to wind, to twist; to turn; to be awry, to be askew, to be crooked"
"不味い","まずい, マズイ, マズい","bad(-tasting), unpalatable, unsavoury, unsavory, awful, terrible, unpleasant; poor, unskillful, unskilful, bungling, clumsy; ugly, unattractive, homely, plain; awkward, problematic, troublesome, unfavorable, unfavourable, unwise"
"股","また","groin, thigh, crotch, crutch; fork (in a tree, road, river, etc.), tines (of a fork)"
"未だ","まだ, いまだ","still, as yet, only; (not) yet; more, (more) still; at least, comparatively, relatively; unfinished, incomplete, not yet done"
"町","まち","town, block, neighbourhood, neighborhood; downtown, main street; street, road"
"真っ直ぐ","まっすぐ","straight (ahead), direct, upright, erect; straightforward, honest, frank"
"","マッチ","match (contest); matching (with), going well (with)"
"待つ","まつ","to wait; to await, to look forward to, to anticipate; to depend on, to need"
"窓","まど","window"
"丸い","まるい, まろい","round, circular, spherical; curved, smooth; harmonious, calm, peaceful, amiable, amicable"
"万","まん, よろず","10,000, ten thousand; myriad; everything, all; various"
"万年筆","まんねんひつ, まんねんぴつ, まんねんふで","fountain pen"
"磨く","みがく","to polish, to shine, to burnish, to scour, to scrub, to brush (teeth), to grind (e.g. a lens); to refine (a skill, etc.), to improve, to hone, to polish (up), to cultivate (one's character)"
"右","みぎ","right, right-hand side; right hand; the above (in a piece of vertical writing), above-mentioned; the right (wing), rightist; the better (of two)"
"短い","みじかい, みじけー","short; brief"
"水","みず","water (esp. cool or cold); fluid (esp. in an animal tissue), liquid; flood, floodwaters; water offered to wrestlers just prior to a bout; break granted to wrestlers engaged in a prolonged bout"
"店","みせ","store, shop, establishment, restaurant"
"見せる","みせる","to show, to display; to make (something or someone) look ..., to present an appearance of ...; to make (something) worth watching, to be entertaining; to have (something) looked at (by a specialist), to have (an antique, etc.) appraised; to have (an injury, person, etc.) looked at (by a doctor), to take (someone) to a doctor; to make a show of (doing), to do in a conspicuous manner, to do in view of others; to resolve to do, to do at any cost, to show others that one will ..."
"道","みち","road, path, street, lane, passage; route, way; distance, journey; road (e.g. to victory), course; way (of living, proper conduct, etc.), moral principles; teachings (esp. Confucian or Buddhist), dogma; field (e.g. of medicine), subject, speciality; means, way, method"
"３日","みっか","3rd day of the month; three days"
"三つ","みっつ, みつ","three; three years of age"
"緑","みどり","green; greenery, verdure"
"皆","みな, みんな","everyone, everybody, all; everything, all"
"皆さん","みなさん","all, everyone, everybody"
"南","みなみ","south"
"耳","みみ","ear; hearing; ear (for music, etc.); edge, crust, heel (of bread or cheese), selvedge (of woven fabric), selvage; ear (of a pot, jug, etc.), handle"
"見る","みる","to see, to look, to watch, to view, to observe; to examine, to look over, to assess, to check, to judge; to look after, to attend to, to take care of, to keep an eye on; to experience, to meet with (misfortune, success, etc.); to try ..., to have a go at ..., to give ... a try; to see (that) ..., to find (that) ..."
"６日","むいか, むゆか, むよか","6th day of the month; six days"
"向こう","むこう","opposite side, other side; over there, ahead, beyond, (in the) distance, far away, far off; destination, there (somewhere distant, esp. abroad); the other party, the other side; from now, next (e.g. two weeks), coming ..., from ... onwards"
"難しい","むずかしい, むつかしい, むづかしい","difficult, hard, troublesome, complicated, serious (disease, problem, etc.); impossible, unfeasible; fussy, particular, fastidious, hard to please, displeased; gloomy, glum, sullen, serious (look); dirty, unclean, filthy, detestable; unpleasant, uncomfortable, creepy, spooky"
"六つ","むっつ, むつ","six; six years of age; six o'clock (old time system)"
"村","むら, そん","village"
"目","め","eye, eyeball; eyesight, sight, vision; look, stare, gaze, glance; notice, attention, observation, eyes (of the world, public, etc.); an experience; viewpoint; discrimination, discernment, judgement, eye (e.g. for quality); (an) appearance; chance (of success), possibility (of a good result); spacing (between crossed strands of a net, mesh, etc.), opening, stitch, texture, weave; grain (of wood, paper); eye (of a storm, needle, etc.); intersection (on a go board), square (on a chessboard); dot (on a dice), pip, rolled number; graduation, division (of a scale); tooth (of a saw, comb, etc.); ordinal number suffix; somewhat, -ish; point (e.g. of change)"
"眼鏡","メガネ, めがね","glasses, eyeglasses, spectacles; judgment, judgement, discrimination, discernment, insight; four-eyes"
"米","メートル","metre (unit of length), meter; meter, gauge"
"毛","もう","one-thousandth, 0.03 mm (one-thousandth of a sun), 0.01 percent (one-thousandth of a wari), 3.75 milligrams (one-thousandth of a monme); old monetary unit (0.0001 yen)"
"もう一度","もういちど","once more, again"
"木曜日","もくようび","Thursday"
"","もっと","(some) more, even more, longer, further"
"持つ","もつ","to hold (in one's hand), to take, to carry; to possess, to have, to own; to maintain, to keep; to last, to be durable, to keep, to survive; to take charge of, to be in charge of; to hold (meeting, etc.), to have (opportunity, etc.); to have ""it"", to have that special something, to be blessed with good luck"
"物","もの, もん, モノ","thing, object, article, stuff, substance; one's things, possessions, property, belongings; things, something, anything, everything, nothing; quality; reason, the way of things; used to emphasize emotion, judgment, etc., used to indicate a common occurrence in the past (after a verb in past tense), used to indicate a general tendency, used to indicate something that should happen; item classified as ..., item related to ..., work in the genre of ...; cause of ..., cause for ...; somehow, somewhat, for some reason; really, truly"
"門","もん, かど","gate; branch of learning based on the teachings of a single master; division, phylum; counter for cannons"
"問題","もんだい","question (e.g. on a test), problem; problem (e.g. societal, political), question, issue, subject (e.g. of research), case, matter; question (i.e. doubt); public discussion, controversy; trouble, problem, inconvenience, difficulty"
"八百屋","やおや","greengrocer, fruit and vegetable shop; jack of all trades"
"野菜","やさい","vegetable; marijuana, cannabis"
"易しい","やさしい","easy, plain, simple"
"安い","やすい","cheap, inexpensive; calm, peaceful, quiet"
"休み","やすみ","rest, recess, respite; vacation, holiday, absence, suspension; dormancy (of a silkworm prior to moulting)"
"休む","やすむ","to be absent, to take a day off; to rest, to have a break; to go to bed, to (lie down to) sleep, to turn in, to retire; to stop doing some ongoing activity for a time, to suspend business"
"八つ","やっつ, やつ","eight; eight years of age; two o'clock (old time system)"
"山","やま, ヤマ","mountain, hill; mine; (mountain) forest; heap, pile, stack, mountain; protruding or high part of an object, crown (of a hat), thread (of a screw), tread (of a tire); climax, peak, critical point; guess, speculation, gamble; (criminal) case, crime; mountain climbing, mountaineering; festival float (esp. one mounted with a decorative halberd); deck (from which players draw cards), draw pile, stock; wall, wall tile; wild"
"遣る","やる, ヤる","to do, to undertake, to perform, to play (a game), to study; to send, to dispatch, to despatch; to put, to move, to turn (one's head, glance, etc.); to give (esp. to someone of equal or lower status), to let have, to present, to bestow, to confer; to make (a vehicle) go faster; to run (a business), to keep, to be engaged in, to practice (law, medicine, etc.), to practise; to have (food, drink, etc.), to eat, to drink, to smoke; to hold (a performance), to perform, to show; to ease (one's mind); to harm, to injure, to kill; to have sex, to fuck, to bang; to live, to get by, to get along; to do ... completely; to do ... broadly, to do ... to a great distance; to do ... for (someone of equal or lower status), to do ... to; to make active efforts to ..."
"夕方","ゆうがた","early evening (usu. from 3pm to 6pm), dusk"
"夕飯","ゆうはん, ゆうめし","evening meal, dinner, supper"
"郵便局","ゆうびんきょく","post office"
"昨夜","ゆうべ, ゆんべ, よべ","last night, yesterday evening"
"有名","ゆうめい","famous, well-known"
"雪","ゆき","snow, snowfall"
"","ゆっくり","slowly, unhurriedly, without haste, leisurely, at one's leisure; easily (e.g. in time), well, sufficiently, amply, with time to spare; well (e.g. sleep), comfortably"
"８日","ようか","8th day of the month; eight days"
"洋服","ようふく","Western-style clothes (cf. traditional Japanese clothes)"
"良く","よく","nicely, properly, well, skillfully, skilfully; frequently, often; I'm glad that you ..., thank you for ...; (you have) quite the nerve to, I don't know how you can ..."
"横","よこ, ヨコ","horizontal (as opposed to vertical); side-to-side (as opposed to front-to-back), width, breadth; side (of a box, etc.); beside, aside, next to; unconnected"
"４日","よっか","4th day of the month; four days"
"四つ","よっつ, よつ","four, 4; four years of age; ten o'clock (in the old time system); burakumin; cross grips"
"呼ぶ","よぶ","to call out (to), to call, to invoke; to summon (a doctor, etc.); to invite; to designate, to name, to brand; to garner (support, etc.), to gather; to take as one's wife"
"読む","よむ","to read; to recite (e.g. a sutra), to chant; to predict, to guess, to forecast, to read (someone's thoughts), to see (e.g. into someone's heart), to divine; to pronounce, to read (e.g. a kanji); to decipher, to read (a meter, graph, music, etc.), to tell (the time); to count, to estimate; to read (a kanji) with its native Japanese reading"
"夜","よる, よ","night, evening; dinner"
"弱い","よわい","weak, frail, delicate, tender, unskilled, weak (wine)"
"来月","らいげつ","next month"
"来週","らいしゅう","next week"
"来年","らいねん","next year"
"","ラジオ, ラヂオ","radio"
"","ラジカセ","radio-cassette player"
"立派","りっぱ","splendid, fine, handsome, elegant, imposing, prominent, impressive; praiseworthy, creditable, worthy; legal, legitimate, lawful; undeniable (e.g. crime), indisputable, solid"
"留学生","りゅうがくせい","overseas student, exchange student"
"両親","りょうしん, ふたおや","parents, both parents"
"料理","りょうり","cooking, cookery, cuisine, food, dish; dealing with (skillfully), handling (well), managing"
"旅行","りょこう","travel, trip, journey, excursion, tour"
"零","れい","zero, nought"
"冷蔵庫","れいぞうこ","refrigerator, fridge"
"","レコード","record (e.g. LP); record (e.g. in sports); record (data structure)"
"","レストラン","restaurant (esp. Western-style)"
"練習","れんしゅう","practice, training, drill, (an) exercise, workout"
"廊下","ろうか","corridor, hallway, passageway"
"六","ろく, む, むう","six, 6"
"Ｙシャツ","ワイシャツ","(formal) shirt, dress shirt, business shirt, button-up shirt"
"若い","わかい","young, youthful; immature, green; low (number), small"
"分かる","わかる","to understand, to comprehend, to grasp, to see, to get, to follow; to become clear, to be known, to be discovered, to be realized, to be realised, to be found out; I know!, I think so too!"
"忘れる","わすれる","to forget, to leave carelessly, to be forgetful of, to forget about, to forget (an article)"
"私","わたくし","I, me; personal (affairs, etc.), private; selfishness, partiality; secrecy, confidentiality"
"私","わたし","I, me"
"渡す","わたす","to ferry across (e.g. a river), to carry across, to traverse; to lay across, to build across; to hand over, to hand in, to pass, to give, to transfer"
"渡る","わたる","to cross over, to go across; to extend, to cover, to range, to span"
"悪い","わるい","bad, poor, undesirable; poor (quality), inferior, insufficient; evil, sinful; ugly, not beautiful; at fault, to blame, in the wrong; bad (at doing something); unprofitable, unbeneficial; sorry, (my) bad, unforgivable"
